Orthogroup	Duplications (all)	Duplications (50% support)
OG0000000	41	34
OG0000001	44	44
OG0000002	38	38
OG0000003	30	30
OG0000004	9	8
OG0000005	12	12
OG0000006	24	24
OG0000007	14	13
OG0000008	14	14
OG0000009	22	22
OG0000010	11	10
OG0000011	20	20
OG0000012	11	11
OG0000013	20	20
OG0000014	8	7
OG0000015	9	9
OG0000016	6	6
OG0000017	15	14
OG0000018	7	6
OG0000019	8	6
OG0000020	7	7
OG0000021	9	8
OG0000022	6	6
OG0000023	6	6
OG0000024	9	9
OG0000025	7	7
OG0000026	9	8
OG0000027	9	9
OG0000028	7	6
OG0000029	7	6
OG0000030	8	8
OG0000031	7	7
OG0000032	14	14
OG0000033	6	6
OG0000034	9	9
OG0000035	7	6
OG0000036	7	7
OG0000037	7	7
OG0000038	5	5
OG0000039	10	9
OG0000040	6	6
OG0000041	8	8
OG0000042	5	5
OG0000043	6	5
OG0000044	9	8
OG0000045	12	12
OG0000046	10	10
OG0000047	7	7
OG0000048	15	15
OG0000049	15	15
OG0000050	6	6
OG0000051	4	4
OG0000052	4	4
OG0000053	6	6
OG0000054	4	4
OG0000055	5	5
OG0000056	5	5
OG0000057	5	5
OG0000058	14	14
OG0000059	14	14
OG0000060	14	14
OG0000061	3	3
OG0000062	2	2
OG0000063	4	4
OG0000064	4	4
OG0000065	6	6
OG0000066	4	4
OG0000067	12	12
OG0000068	4	3
OG0000069	8	8
OG0000070	6	5
OG0000071	3	3
OG0000072	5	5
OG0000073	3	3
OG0000074	13	13
OG0000075	2	2
OG0000076	4	3
OG0000077	3	3
OG0000078	3	3
OG0000079	6	6
OG0000080	4	4
OG0000081	3	3
OG0000082	4	4
OG0000083	6	6
OG0000084	7	7
OG0000085	8	8
OG0000086	10	10
OG0000087	11	11
OG0000088	3	3
OG0000089	7	7
OG0000090	5	5
OG0000091	4	3
OG0000092	8	8
OG0000093	4	4
OG0000094	2	1
OG0000095	2	2
OG0000096	4	3
OG0000097	1	1
OG0000098	3	3
OG0000099	4	4
OG0000100	8	8
OG0000101	3	3
OG0000102	3	3
OG0000103	4	4
OG0000104	3	2
OG0000105	5	5
OG0000106	5	5
OG0000107	3	3
OG0000108	4	4
OG0000109	8	8
OG0000110	11	11
OG0000111	11	11
OG0000112	6	6
OG0000113	3	3
OG0000114	5	5
OG0000115	2	2
OG0000116	5	5
OG0000117	1	1
OG0000118	1	1
OG0000119	3	3
OG0000120	3	1
OG0000121	3	3
OG0000122	2	2
OG0000123	2	2
OG0000124	3	3
OG0000125	9	9
OG0000126	5	5
OG0000127	8	8
OG0000128	5	5
OG0000129	3	3
OG0000130	4	4
OG0000131	9	9
OG0000132	4	4
OG0000133	7	7
OG0000134	2	2
OG0000135	4	4
OG0000136	6	6
OG0000137	4	4
OG0000138	7	6
OG0000139	10	10
OG0000140	10	10
OG0000141	6	6
OG0000142	3	3
OG0000143	2	2
OG0000144	2	1
OG0000145	3	3
OG0000146	2	2
OG0000147	4	4
OG0000148	5	5
OG0000149	2	2
OG0000150	3	3
OG0000151	3	3
OG0000152	3	3
OG0000153	2	2
OG0000154	2	2
OG0000155	4	4
OG0000156	3	3
OG0000157	4	4
OG0000158	1	1
OG0000159	3	3
OG0000160	6	6
OG0000161	6	6
OG0000162	4	4
OG0000163	3	3
OG0000164	2	2
OG0000165	2	2
OG0000166	4	4
OG0000167	5	5
OG0000168	8	8
OG0000169	3	3
OG0000170	6	6
OG0000171	4	4
OG0000172	4	4
OG0000173	4	4
OG0000174	7	7
OG0000175	3	3
OG0000176	5	5
OG0000177	3	3
OG0000178	9	9
OG0000179	9	9
OG0000180	9	9
OG0000181	9	9
OG0000182	9	9
OG0000183	3	3
OG0000184	3	2
OG0000185	1	1
OG0000186	1	1
OG0000187	2	2
OG0000188	2	2
OG0000189	1	1
OG0000190	1	1
OG0000191	3	3
OG0000192	3	3
OG0000193	1	1
OG0000194	1	1
OG0000195	3	3
OG0000196	3	3
OG0000197	2	2
OG0000198	1	1
OG0000199	1	1
OG0000200	4	4
OG0000201	1	1
OG0000202	3	3
OG0000203	4	4
OG0000204	6	6
OG0000205	5	5
OG0000206	2	2
OG0000207	4	4
OG0000208	5	5
OG0000209	2	2
OG0000210	3	3
OG0000211	3	3
OG0000212	2	2
OG0000213	2	2
OG0000214	2	2
OG0000215	3	2
OG0000216	4	4
OG0000217	5	5
OG0000218	2	2
OG0000219	4	2
OG0000220	4	4
OG0000221	7	7
OG0000222	2	2
OG0000223	3	3
OG0000224	4	4
OG0000225	5	5
OG0000226	4	4
OG0000227	2	2
OG0000228	6	6
OG0000229	8	8
OG0000230	8	8
OG0000231	8	8
OG0000232	8	8
OG0000233	8	8
OG0000234	8	8
OG0000235	8	8
OG0000236	6	6
OG0000237	6	6
OG0000238	7	7
OG0000239	8	8
OG0000240	8	8
OG0000241	2	2
OG0000242	3	3
OG0000243	7	7
OG0000244	7	7
OG0000245	3	3
OG0000246	0	0
OG0000247	0	0
OG0000248	3	2
OG0000249	4	4
OG0000250	3	3
OG0000251	0	0
OG0000252	0	0
OG0000253	1	1
OG0000254	2	2
OG0000255	3	3
OG0000256	1	1
OG0000257	3	3
OG0000258	1	1
OG0000259	3	3
OG0000260	2	2
OG0000261	7	7
OG0000262	4	4
OG0000263	3	3
OG0000264	3	3
OG0000265	1	1
OG0000266	2	2
OG0000267	4	4
OG0000268	5	5
OG0000269	4	4
OG0000270	3	3
OG0000271	5	5
OG0000272	2	2
OG0000273	3	3
OG0000274	6	6
OG0000275	3	3
OG0000276	5	5
OG0000277	2	2
OG0000278	1	1
OG0000279	1	1
OG0000280	2	2
OG0000281	3	3
OG0000282	3	3
OG0000283	2	2
OG0000284	1	1
OG0000285	3	3
OG0000286	4	4
OG0000287	1	1
OG0000288	2	2
OG0000289	4	4
OG0000290	4	4
OG0000291	4	4
OG0000292	4	4
OG0000293	1	1
OG0000294	1	1
OG0000295	3	3
OG0000296	6	6
OG0000297	4	4
OG0000298	3	3
OG0000299	4	4
OG0000300	1	1
OG0000301	3	3
OG0000302	4	4
OG0000303	4	4
OG0000304	3	3
OG0000305	6	6
OG0000306	2	2
OG0000307	3	3
OG0000308	1	1
OG0000309	4	4
OG0000310	1	1
OG0000311	1	1
OG0000312	6	6
OG0000313	1	1
OG0000314	3	3
OG0000315	5	5
OG0000316	6	6
OG0000317	3	3
OG0000318	3	3
OG0000319	2	2
OG0000320	4	4
OG0000321	6	6
OG0000322	4	4
OG0000323	5	5
OG0000324	5	5
OG0000325	7	7
OG0000326	7	7
OG0000327	7	7
OG0000328	7	7
OG0000329	7	7
OG0000330	5	5
OG0000331	5	5
OG0000332	5	5
OG0000333	6	6
OG0000334	7	7
OG0000335	7	7
OG0000336	1	1
OG0000337	1	1
OG0000338	1	1
OG0000339	2	2
OG0000340	2	2
OG0000341	2	2
OG0000342	1	1
OG0000343	4	4
OG0000344	2	1
OG0000345	2	2
OG0000346	1	1
OG0000347	2	2
OG0000348	2	2
OG0000349	0	0
OG0000350	3	3
OG0000351	4	4
OG0000352	0	0
OG0000353	1	1
OG0000354	2	2
OG0000355	3	3
OG0000356	2	2
OG0000357	2	2
OG0000358	3	3
OG0000359	3	3
OG0000360	3	3
OG0000361	4	4
OG0000362	2	2
OG0000363	0	0
OG0000364	2	2
OG0000365	3	3
OG0000366	2	2
OG0000367	2	2
OG0000368	5	5
OG0000369	3	3
OG0000370	2	2
OG0000371	2	2
OG0000372	2	2
OG0000373	3	3
OG0000374	3	3
OG0000375	3	3
OG0000376	1	1
OG0000377	2	2
OG0000378	3	3
OG0000379	2	2
OG0000380	0	0
OG0000381	0	0
OG0000382	2	2
OG0000383	1	1
OG0000384	3	3
OG0000385	2	2
OG0000386	2	2
OG0000387	2	2
OG0000388	1	1
OG0000389	0	0
OG0000390	3	3
OG0000391	3	3
OG0000392	3	3
OG0000393	1	1
OG0000394	3	3
OG0000395	2	2
OG0000396	3	3
OG0000397	0	0
OG0000398	2	2
OG0000399	3	3
OG0000400	3	3
OG0000401	1	1
OG0000402	0	0
OG0000403	2	2
OG0000404	0	0
OG0000405	3	3
OG0000406	3	3
OG0000407	2	2
OG0000408	2	2
OG0000409	0	0
OG0000410	1	1
OG0000411	2	2
OG0000412	1	1
OG0000413	3	3
OG0000414	2	2
OG0000415	4	4
OG0000416	4	4
OG0000417	3	3
OG0000418	5	5
OG0000419	2	2
OG0000420	3	3
OG0000421	3	3
OG0000422	2	2
OG0000423	5	5
OG0000424	0	0
OG0000425	0	0
OG0000426	4	4
OG0000427	2	2
OG0000428	2	2
OG0000429	3	3
OG0000430	2	2
OG0000431	3	3
OG0000432	3	3
OG0000433	3	3
OG0000434	3	3
OG0000435	2	2
OG0000436	2	2
OG0000437	3	3
OG0000438	3	3
OG0000439	3	3
OG0000440	3	3
OG0000441	3	3
OG0000442	3	3
OG0000443	3	3
OG0000444	3	3
OG0000445	5	5
OG0000446	1	1
OG0000447	3	3
OG0000448	3	3
OG0000449	0	0
OG0000450	3	3
OG0000451	0	0
OG0000452	3	3
OG0000453	2	2
OG0000454	5	5
OG0000455	4	4
OG0000456	6	6
OG0000457	6	6
OG0000458	6	6
OG0000459	1	1
OG0000460	6	6
OG0000461	6	6
OG0000462	6	6
OG0000463	6	6
OG0000464	6	6
OG0000465	6	6
OG0000466	4	4
OG0000467	4	4
OG0000468	4	4
OG0000469	3	3
OG0000470	3	3
OG0000471	3	3
OG0000472	4	4
OG0000473	4	4
OG0000474	3	3
OG0000475	4	4
OG0000476	4	4
OG0000477	5	5
OG0000478	4	4
OG0000479	4	4
OG0000480	4	4
OG0000481	4	4
OG0000482	4	4
OG0000483	2	2
OG0000484	4	4
OG0000485	5	5
OG0000486	6	6
OG0000487	6	6
OG0000488	5	5
OG0000489	1	1
OG0000490	5	5
OG0000491	1	1
OG0000492	2	2
OG0000493	5	5
OG0000494	2	2
OG0000495	0	0
OG0000496	1	1
OG0000497	1	1
OG0000498	1	1
OG0000499	1	1
OG0000500	0	0
OG0000501	1	1
OG0000502	1	1
OG0000503	1	1
OG0000504	1	1
OG0000505	2	2
OG0000506	4	4
OG0000507	2	2
OG0000508	1	1
OG0000509	2	2
OG0000510	2	2
OG0000511	3	3
OG0000512	2	2
OG0000513	1	1
OG0000514	1	1
OG0000515	2	2
OG0000516	2	2
OG0000517	4	4
OG0000518	2	2
OG0000519	3	3
OG0000520	1	1
OG0000521	2	2
OG0000522	1	1
OG0000523	4	4
OG0000524	2	2
OG0000525	2	2
OG0000526	2	2
OG0000527	2	2
OG0000528	4	4
OG0000529	4	4
OG0000530	4	4
OG0000531	2	2
OG0000532	2	2
OG0000533	2	2
OG0000534	3	3
OG0000535	2	2
OG0000536	2	2
OG0000537	2	2
OG0000538	2	2
OG0000539	2	2
OG0000540	3	3
OG0000541	4	4
OG0000542	2	2
OG0000543	2	2
OG0000544	1	1
OG0000545	4	4
OG0000546	1	1
OG0000547	4	4
OG0000548	0	0
OG0000549	2	2
OG0000550	2	2
OG0000551	3	3
OG0000552	1	1
OG0000553	2	2
OG0000554	2	2
OG0000555	2	2
OG0000556	2	2
OG0000557	1	1
OG0000558	1	1
OG0000559	2	2
OG0000560	2	2
OG0000561	1	1
OG0000562	2	2
OG0000563	2	2
OG0000564	2	2
OG0000565	1	1
OG0000566	2	2
OG0000567	2	2
OG0000568	1	1
OG0000569	4	4
OG0000570	3	3
OG0000571	4	4
OG0000572	4	4
OG0000573	2	2
OG0000574	4	4
OG0000575	3	3
OG0000576	2	2
OG0000577	2	2
OG0000578	1	1
OG0000579	0	0
OG0000580	4	4
OG0000581	0	0
OG0000582	2	2
OG0000583	2	2
OG0000584	1	1
OG0000585	2	2
OG0000586	2	2
OG0000587	1	1
OG0000588	2	2
OG0000589	1	1
OG0000590	2	2
OG0000591	1	1
OG0000592	2	2
OG0000593	3	3
OG0000594	2	2
OG0000595	1	1
OG0000596	2	2
OG0000597	2	2
OG0000598	2	2
OG0000599	2	2
OG0000600	1	1
OG0000601	2	2
OG0000602	4	4
OG0000603	2	2
OG0000604	2	2
OG0000605	2	2
OG0000606	2	2
OG0000607	1	1
OG0000608	2	2
OG0000609	1	1
OG0000610	1	1
OG0000611	3	3
OG0000612	2	2
OG0000613	2	2
OG0000614	2	2
OG0000615	2	2
OG0000616	2	2
OG0000617	2	2
OG0000618	2	2
OG0000619	2	2
OG0000620	2	2
OG0000621	1	1
OG0000622	3	3
OG0000623	2	2
OG0000624	2	2
OG0000625	2	2
OG0000626	1	1
OG0000627	4	4
OG0000628	2	2
OG0000629	1	1
OG0000630	2	2
OG0000631	2	2
OG0000632	2	2
OG0000633	2	2
OG0000634	4	4
OG0000635	2	2
OG0000636	1	1
OG0000637	1	1
OG0000638	2	2
OG0000639	4	4
OG0000640	1	1
OG0000641	2	2
OG0000642	1	1
OG0000643	2	2
OG0000644	2	2
OG0000645	3	3
OG0000646	2	2
OG0000647	2	2
OG0000648	3	3
OG0000649	2	2
OG0000650	2	2
OG0000651	2	2
OG0000652	2	2
OG0000653	3	3
OG0000654	2	2
OG0000655	1	1
OG0000656	2	2
OG0000657	2	2
OG0000658	2	2
OG0000659	2	2
OG0000660	2	2
OG0000661	1	1
OG0000662	1	1
OG0000663	3	3
OG0000664	1	1
OG0000665	4	4
OG0000666	2	2
OG0000667	2	2
OG0000668	2	2
OG0000669	2	2
OG0000670	3	3
OG0000671	3	3
OG0000672	1	1
OG0000673	2	2
OG0000674	4	4
OG0000675	2	2
OG0000676	2	2
OG0000677	2	2
OG0000678	2	2
OG0000679	2	2
OG0000680	1	1
OG0000681	1	1
OG0000682	3	3
OG0000683	2	2
OG0000684	0	0
OG0000685	2	2
OG0000686	2	2
OG0000687	2	2
OG0000688	1	1
OG0000689	2	2
OG0000690	2	2
OG0000691	2	2
OG0000692	2	2
OG0000693	2	2
OG0000694	1	1
OG0000695	2	2
OG0000696	2	2
OG0000697	2	2
OG0000698	2	2
OG0000699	1	1
OG0000700	3	3
OG0000701	2	2
OG0000702	2	2
OG0000703	2	2
OG0000704	2	2
OG0000705	2	2
OG0000706	1	1
OG0000707	2	2
OG0000708	3	3
OG0000709	2	2
OG0000710	4	4
OG0000711	1	1
OG0000712	3	3
OG0000713	2	1
OG0000714	4	4
OG0000715	3	3
OG0000716	1	1
OG0000717	3	3
OG0000718	2	2
OG0000719	2	2
OG0000720	0	0
OG0000721	2	2
OG0000722	2	2
OG0000723	0	0
OG0000724	2	2
OG0000725	2	2
OG0000726	2	2
OG0000727	2	2
OG0000728	2	2
OG0000729	4	4
OG0000730	1	1
OG0000731	2	2
OG0000732	1	1
OG0000733	4	4
OG0000734	4	4
OG0000735	2	2
OG0000736	2	2
OG0000737	2	2
OG0000738	3	3
OG0000739	4	4
OG0000740	1	1
OG0000741	2	2
OG0000742	2	2
OG0000743	2	2
OG0000744	2	2
OG0000745	2	2
OG0000746	2	2
OG0000747	2	2
OG0000748	4	4
OG0000749	2	2
OG0000750	3	3
OG0000751	5	5
OG0000752	4	4
OG0000753	4	4
OG0000754	5	5
OG0000755	3	3
OG0000756	4	4
OG0000757	4	4
OG0000758	5	5
OG0000759	3	3
OG0000760	5	5
OG0000761	5	5
OG0000762	5	5
OG0000763	5	5
OG0000764	5	5
OG0000765	4	4
OG0000766	5	5
OG0000767	1	1
OG0000768	5	5
OG0000769	5	5
OG0000770	5	5
OG0000771	5	5
OG0000772	5	5
OG0000773	5	5
OG0000774	5	5
OG0000775	5	5
OG0000776	5	5
OG0000777	5	5
OG0000778	5	5
OG0000779	5	5
OG0000780	5	5
OG0000781	3	3
OG0000782	2	2
OG0000783	3	3
OG0000784	3	3
OG0000785	4	4
OG0000786	3	3
OG0000787	3	3
OG0000788	3	3
OG0000789	3	3
OG0000790	3	3
OG0000791	5	5
OG0000792	3	3
OG0000793	4	4
OG0000794	2	2
OG0000795	3	3
OG0000796	3	3
OG0000797	3	3
OG0000798	3	3
OG0000799	3	3
OG0000800	3	3
OG0000801	5	5
OG0000802	5	5
OG0000803	3	3
OG0000804	5	5
OG0000805	3	3
OG0000806	3	3
OG0000807	3	3
OG0000808	3	3
OG0000809	2	2
OG0000810	3	3
OG0000811	3	3
OG0000812	1	1
OG0000813	3	3
OG0000814	3	3
OG0000815	4	4
OG0000816	3	3
OG0000817	3	3
OG0000818	3	3
OG0000819	3	3
OG0000820	3	3
OG0000821	1	1
OG0000822	4	4
OG0000823	3	3
OG0000824	3	3
OG0000825	3	3
OG0000826	3	3
OG0000827	3	3
OG0000828	3	3
OG0000829	3	3
OG0000830	3	3
OG0000831	3	3
OG0000832	3	3
OG0000833	4	4
OG0000834	5	5
OG0000835	4	4
OG0000836	5	5
OG0000837	3	3
OG0000838	3	3
OG0000839	5	5
OG0000840	5	5
OG0000841	5	5
OG0000842	5	5
OG0000843	5	5
OG0000844	5	5
OG0000845	5	5
OG0000846	5	5
OG0000847	5	5
OG0000848	5	5
OG0000849	5	5
OG0000850	5	5
OG0000851	5	5
OG0000852	5	5
OG0000853	1	1
OG0000854	0	0
OG0000855	0	0
OG0000856	0	0
OG0000857	1	1
OG0000858	0	0
OG0000859	0	0
OG0000860	1	1
OG0000861	1	1
OG0000862	4	4
OG0000863	1	1
OG0000864	0	0
OG0000865	0	0
OG0000866	0	0
OG0000867	0	0
OG0000868	0	0
OG0000869	0	0
OG0000870	0	0
OG0000871	0	0
OG0000872	0	0
OG0000873	0	0
OG0000874	1	1
OG0000875	1	1
OG0000876	0	0
OG0000877	0	0
OG0000878	1	1
OG0000879	0	0
OG0000880	0	0
OG0000881	0	0
OG0000882	3	3
OG0000883	1	1
OG0000884	1	1
OG0000885	1	1
OG0000886	3	3
OG0000887	3	3
OG0000888	2	2
OG0000889	1	1
OG0000890	1	1
OG0000891	2	2
OG0000892	2	2
OG0000893	3	3
OG0000894	1	1
OG0000895	1	1
OG0000896	3	3
OG0000897	2	2
OG0000898	1	1
OG0000899	1	1
OG0000900	1	1
OG0000901	1	1
OG0000902	2	2
OG0000903	1	1
OG0000904	1	1
OG0000905	1	1
OG0000906	1	1
OG0000907	3	3
OG0000908	1	1
OG0000909	2	2
OG0000910	1	1
OG0000911	2	2
OG0000912	2	2
OG0000913	1	1
OG0000914	1	1
OG0000915	1	1
OG0000916	1	1
OG0000917	1	1
OG0000918	1	1
OG0000919	3	3
OG0000920	1	1
OG0000921	1	1
OG0000922	1	1
OG0000923	2	2
OG0000924	1	1
OG0000925	1	1
OG0000926	1	1
OG0000927	1	1
OG0000928	1	1
OG0000929	1	1
OG0000930	1	1
OG0000931	1	1
OG0000932	1	1
OG0000933	1	1
OG0000934	1	1
OG0000935	1	1
OG0000936	1	1
OG0000937	0	0
OG0000938	3	3
OG0000939	1	1
OG0000940	1	1
OG0000941	1	1
OG0000942	1	1
OG0000943	3	3
OG0000944	3	3
OG0000945	2	2
OG0000946	1	1
OG0000947	2	2
OG0000948	1	1
OG0000949	1	1
OG0000950	1	1
OG0000951	1	1
OG0000952	3	3
OG0000953	1	1
OG0000954	1	1
OG0000955	3	3
OG0000956	1	1
OG0000957	2	2
OG0000958	1	1
OG0000959	1	1
OG0000960	1	1
OG0000961	0	0
OG0000962	1	1
OG0000963	1	1
OG0000964	1	1
OG0000965	1	1
OG0000966	1	1
OG0000967	1	1
OG0000968	3	3
OG0000969	1	1
OG0000970	1	1
OG0000971	3	3
OG0000972	0	0
OG0000973	3	3
OG0000974	2	2
OG0000975	4	4
OG0000976	3	3
OG0000977	3	3
OG0000978	3	3
OG0000979	1	1
OG0000980	1	1
OG0000981	1	1
OG0000982	3	3
OG0000983	1	1
OG0000984	2	2
OG0000985	2	2
OG0000986	1	1
OG0000987	1	1
OG0000988	1	1
OG0000989	2	2
OG0000990	2	2
OG0000991	1	1
OG0000992	1	1
OG0000993	1	1
OG0000994	1	1
OG0000995	1	1
OG0000996	1	1
OG0000997	1	1
OG0000998	1	1
OG0000999	1	1
OG0001000	3	3
OG0001001	3	3
OG0001002	1	1
OG0001003	2	2
OG0001004	3	3
OG0001005	1	1
OG0001006	3	3
OG0001007	0	0
OG0001008	1	1
OG0001009	3	3
OG0001010	1	1
OG0001011	1	1
OG0001012	1	1
OG0001013	2	2
OG0001014	3	3
OG0001015	1	1
OG0001016	3	3
OG0001017	1	1
OG0001018	1	1
OG0001019	1	1
OG0001020	1	1
OG0001021	1	1
OG0001022	1	1
OG0001023	1	1
OG0001024	1	1
OG0001025	1	1
OG0001026	1	1
OG0001027	1	1
OG0001028	1	1
OG0001029	3	3
OG0001030	3	3
OG0001031	1	1
OG0001032	1	1
OG0001033	1	1
OG0001034	3	3
OG0001035	1	1
OG0001036	1	1
OG0001037	2	2
OG0001038	1	1
OG0001039	3	3
OG0001040	2	2
OG0001041	1	1
OG0001042	3	3
OG0001043	1	1
OG0001044	1	1
OG0001045	1	1
OG0001046	1	1
OG0001047	2	2
OG0001048	3	3
OG0001049	3	3
OG0001050	1	1
OG0001051	1	1
OG0001052	1	1
OG0001053	2	2
OG0001054	3	3
OG0001055	1	1
OG0001056	1	1
OG0001057	2	2
OG0001058	2	2
OG0001059	1	1
OG0001060	3	3
OG0001061	1	1
OG0001062	2	2
OG0001063	0	0
OG0001064	1	1
OG0001065	1	1
OG0001066	3	3
OG0001067	1	1
OG0001068	1	1
OG0001069	1	1
OG0001070	1	1
OG0001071	1	1
OG0001072	2	2
OG0001073	2	2
OG0001074	3	3
OG0001075	1	1
OG0001076	1	1
OG0001077	1	1
OG0001078	2	2
OG0001079	1	1
OG0001080	1	1
OG0001081	1	1
OG0001082	0	0
OG0001083	2	2
OG0001084	1	1
OG0001085	1	1
OG0001086	1	1
OG0001087	1	1
OG0001088	2	2
OG0001089	1	1
OG0001090	2	2
OG0001091	1	1
OG0001092	1	1
OG0001093	1	1
OG0001094	3	3
OG0001095	3	3
OG0001096	1	1
OG0001097	2	2
OG0001098	1	1
OG0001099	1	1
OG0001100	1	1
OG0001101	1	1
OG0001102	2	2
OG0001103	1	1
OG0001104	1	1
OG0001105	1	1
OG0001106	1	1
OG0001107	2	2
OG0001108	1	1
OG0001109	1	1
OG0001110	2	2
OG0001111	1	1
OG0001112	1	1
OG0001113	1	1
OG0001114	1	1
OG0001115	0	0
OG0001116	1	1
OG0001117	2	2
OG0001118	1	1
OG0001119	1	1
OG0001120	1	1
OG0001121	3	3
OG0001122	1	1
OG0001123	4	4
OG0001124	1	1
OG0001125	1	1
OG0001126	1	1
OG0001127	1	1
OG0001128	4	4
OG0001129	3	3
OG0001130	1	1
OG0001131	1	1
OG0001132	1	1
OG0001133	3	3
OG0001134	1	1
OG0001135	2	2
OG0001136	1	1
OG0001137	1	1
OG0001138	2	2
OG0001139	1	1
OG0001140	1	1
OG0001141	1	1
OG0001142	1	1
OG0001143	3	3
OG0001144	1	1
OG0001145	1	1
OG0001146	1	1
OG0001147	2	2
OG0001148	1	1
OG0001149	1	1
OG0001150	1	1
OG0001151	3	3
OG0001152	2	2
OG0001153	1	1
OG0001154	1	1
OG0001155	1	1
OG0001156	1	1
OG0001157	3	3
OG0001158	1	1
OG0001159	1	1
OG0001160	3	3
OG0001161	1	1
OG0001162	1	1
OG0001163	3	3
OG0001164	2	2
OG0001165	1	1
OG0001166	1	1
OG0001167	1	1
OG0001168	1	1
OG0001169	2	2
OG0001170	2	2
OG0001171	1	1
OG0001172	2	2
OG0001173	1	1
OG0001174	1	1
OG0001175	1	1
OG0001176	1	1
OG0001177	3	3
OG0001178	1	1
OG0001179	1	1
OG0001180	1	1
OG0001181	1	1
OG0001182	1	1
OG0001183	2	2
OG0001184	3	3
OG0001185	1	1
OG0001186	1	1
OG0001187	1	1
OG0001188	1	1
OG0001189	1	1
OG0001190	3	3
OG0001191	1	1
OG0001192	1	1
OG0001193	1	1
OG0001194	2	2
OG0001195	3	3
OG0001196	1	1
OG0001197	2	2
OG0001198	1	1
OG0001199	3	3
OG0001200	1	1
OG0001201	1	1
OG0001202	1	1
OG0001203	1	1
OG0001204	1	1
OG0001205	1	1
OG0001206	1	1
OG0001207	2	2
OG0001208	1	1
OG0001209	1	1
OG0001210	1	1
OG0001211	1	1
OG0001212	1	1
OG0001213	1	1
OG0001214	3	3
OG0001215	1	1
OG0001216	2	2
OG0001217	1	1
OG0001218	1	1
OG0001219	2	2
OG0001220	1	1
OG0001221	1	1
OG0001222	1	1
OG0001223	1	1
OG0001224	1	1
OG0001225	1	1
OG0001226	1	1
OG0001227	2	2
OG0001228	1	1
OG0001229	1	1
OG0001230	1	1
OG0001231	3	3
OG0001232	1	1
OG0001233	2	2
OG0001234	3	3
OG0001235	1	1
OG0001236	1	1
OG0001237	1	1
OG0001238	1	1
OG0001239	1	1
OG0001240	1	1
OG0001241	1	1
OG0001242	3	3
OG0001243	1	1
OG0001244	1	1
OG0001245	2	2
OG0001246	1	1
OG0001247	1	1
OG0001248	3	3
OG0001249	1	1
OG0001250	3	3
OG0001251	3	3
OG0001252	3	3
OG0001253	3	3
OG0001254	1	1
OG0001255	1	1
OG0001256	1	1
OG0001257	1	1
OG0001258	2	2
OG0001259	3	3
OG0001260	1	1
OG0001261	1	1
OG0001262	1	1
OG0001263	0	0
OG0001264	1	1
OG0001265	1	1
OG0001266	2	2
OG0001267	1	1
OG0001268	1	1
OG0001269	1	1
OG0001270	1	1
OG0001271	1	1
OG0001272	1	1
OG0001273	1	1
OG0001274	1	1
OG0001275	2	2
OG0001276	1	1
OG0001277	1	1
OG0001278	1	1
OG0001279	1	1
OG0001280	1	1
OG0001281	1	1
OG0001282	2	2
OG0001283	1	1
OG0001284	4	4
OG0001285	2	2
OG0001286	1	1
OG0001287	1	1
OG0001288	1	1
OG0001289	1	1
OG0001290	1	1
OG0001291	1	1
OG0001292	1	1
OG0001293	3	3
OG0001294	3	3
OG0001295	1	1
OG0001296	0	0
OG0001297	1	1
OG0001298	1	1
OG0001299	1	0
OG0001300	2	2
OG0001301	1	1
OG0001302	1	1
OG0001303	1	1
OG0001304	2	2
OG0001305	1	1
OG0001306	3	3
OG0001307	3	3
OG0001308	1	1
OG0001309	1	1
OG0001310	1	1
OG0001311	1	1
OG0001312	1	1
OG0001313	1	1
OG0001314	1	1
OG0001315	1	1
OG0001316	1	1
OG0001317	1	1
OG0001318	1	1
OG0001319	1	1
OG0001320	2	2
OG0001321	1	1
OG0001322	1	1
OG0001323	2	2
OG0001324	1	1
OG0001325	1	1
OG0001326	3	3
OG0001327	0	0
OG0001328	2	2
OG0001329	1	1
OG0001330	1	1
OG0001331	1	1
OG0001332	2	2
OG0001333	1	1
OG0001334	2	2
OG0001335	1	1
OG0001336	1	1
OG0001337	2	2
OG0001338	1	1
OG0001339	2	2
OG0001340	1	1
OG0001341	1	1
OG0001342	2	2
OG0001343	0	0
OG0001344	1	1
OG0001345	1	1
OG0001346	1	1
OG0001347	1	1
OG0001348	2	2
OG0001349	1	1
OG0001350	1	1
OG0001351	1	1
OG0001352	3	3
OG0001353	1	1
OG0001354	1	1
OG0001355	3	3
OG0001356	1	1
OG0001357	1	1
OG0001358	1	1
OG0001359	3	3
OG0001360	1	1
OG0001361	2	2
OG0001362	1	1
OG0001363	1	1
OG0001364	3	3
OG0001365	1	1
OG0001366	1	1
OG0001367	1	1
OG0001368	1	1
OG0001369	1	1
OG0001370	1	1
OG0001371	1	1
OG0001372	1	1
OG0001373	1	1
OG0001374	1	1
OG0001375	1	1
OG0001376	1	1
OG0001377	3	3
OG0001378	1	1
OG0001379	2	2
OG0001380	1	1
OG0001381	3	3
OG0001382	3	3
OG0001383	2	2
OG0001384	1	1
OG0001385	1	1
OG0001386	2	2
OG0001387	1	1
OG0001388	1	1
OG0001389	3	3
OG0001390	1	1
OG0001391	1	1
OG0001392	2	2
OG0001393	1	1
OG0001394	2	2
OG0001395	1	1
OG0001396	1	1
OG0001397	2	2
OG0001398	2	2
OG0001399	1	1
OG0001400	3	3
OG0001401	1	1
OG0001402	1	1
OG0001403	1	1
OG0001404	2	2
OG0001405	2	2
OG0001406	1	1
OG0001407	1	1
OG0001408	1	1
OG0001409	3	3
OG0001410	0	0
OG0001411	1	1
OG0001412	1	1
OG0001413	1	1
OG0001414	3	3
OG0001415	1	1
OG0001416	3	3
OG0001417	2	2
OG0001418	1	1
OG0001419	1	1
OG0001420	2	2
OG0001421	1	1
OG0001422	1	1
OG0001423	1	1
OG0001424	2	2
OG0001425	1	1
OG0001426	2	2
OG0001427	1	1
OG0001428	3	3
OG0001429	1	1
OG0001430	1	1
OG0001431	1	1
OG0001432	1	1
OG0001433	1	0
OG0001434	1	1
OG0001435	1	1
OG0001436	1	1
OG0001437	3	3
OG0001438	1	1
OG0001439	1	1
OG0001440	1	1
OG0001441	0	0
OG0001442	3	3
OG0001443	2	2
OG0001444	1	1
OG0001445	1	1
OG0001446	2	2
OG0001447	1	1
OG0001448	1	1
OG0001449	0	0
OG0001450	1	1
OG0001451	1	1
OG0001452	2	2
OG0001453	2	2
OG0001454	1	1
OG0001455	2	2
OG0001456	2	2
OG0001457	0	0
OG0001458	1	1
OG0001459	2	2
OG0001460	1	1
OG0001461	1	1
OG0001462	1	1
OG0001463	1	1
OG0001464	1	1
OG0001465	0	0
OG0001466	1	1
OG0001467	2	2
OG0001468	2	2
OG0001469	4	4
OG0001470	2	2
OG0001471	1	1
OG0001472	3	3
OG0001473	3	3
OG0001474	4	4
OG0001475	4	4
OG0001476	4	4
OG0001477	4	4
OG0001478	4	4
OG0001479	4	4
OG0001480	4	4
OG0001481	4	4
OG0001482	4	4
OG0001483	4	4
OG0001484	4	4
OG0001485	3	3
OG0001486	4	4
OG0001487	4	4
OG0001488	4	4
OG0001489	4	4
OG0001490	3	3
OG0001491	3	3
OG0001492	1	1
OG0001493	3	3
OG0001494	4	4
OG0001495	4	4
OG0001496	1	1
OG0001497	0	0
OG0001498	4	4
OG0001499	4	4
OG0001500	3	3
OG0001501	4	4
OG0001502	4	4
OG0001503	4	4
OG0001504	4	4
OG0001505	1	1
OG0001506	4	4
OG0001507	4	4
OG0001508	4	4
OG0001509	4	4
OG0001510	4	4
OG0001511	4	4
OG0001512	4	4
OG0001513	4	4
OG0001514	4	4
OG0001515	4	4
OG0001516	4	4
OG0001517	4	4
OG0001518	4	4
OG0001519	4	4
OG0001520	4	4
OG0001521	4	4
OG0001522	2	2
OG0001523	2	2
OG0001524	1	1
OG0001525	3	3
OG0001526	2	2
OG0001527	2	2
OG0001528	4	4
OG0001529	2	2
OG0001530	3	3
OG0001531	2	2
OG0001532	2	2
OG0001533	3	3
OG0001534	2	2
OG0001535	1	1
OG0001536	2	2
OG0001537	2	2
OG0001538	2	2
OG0001539	2	2
OG0001540	2	2
OG0001541	2	2
OG0001542	2	2
OG0001543	2	2
OG0001544	2	2
OG0001545	2	2
OG0001546	2	2
OG0001547	3	3
OG0001548	3	3
OG0001549	2	2
OG0001550	2	2
OG0001551	4	4
OG0001552	4	4
OG0001553	2	2
OG0001554	2	2
OG0001555	2	2
OG0001556	2	2
OG0001557	3	3
OG0001558	4	4
OG0001559	4	4
OG0001560	2	2
OG0001561	2	2
OG0001562	4	4
OG0001563	2	2
OG0001564	2	2
OG0001565	2	2
OG0001566	2	2
OG0001567	2	2
OG0001568	2	2
OG0001569	2	2
OG0001570	2	2
OG0001571	2	2
OG0001572	2	2
OG0001573	2	2
OG0001574	4	4
OG0001575	3	3
OG0001576	3	3
OG0001577	2	2
OG0001578	3	3
OG0001579	2	2
OG0001580	2	2
OG0001581	2	2
OG0001582	1	1
OG0001583	2	2
OG0001584	2	2
OG0001585	2	2
OG0001586	2	2
OG0001587	2	2
OG0001588	2	2
OG0001589	2	2
OG0001590	2	2
OG0001591	2	2
OG0001592	2	2
OG0001593	2	2
OG0001594	2	2
OG0001595	2	2
OG0001596	2	2
OG0001597	2	2
OG0001598	2	2
OG0001599	2	2
OG0001600	3	3
OG0001601	3	3
OG0001602	2	2
OG0001603	2	2
OG0001604	2	2
OG0001605	2	2
OG0001606	2	2
OG0001607	2	2
OG0001608	4	4
OG0001609	2	2
OG0001610	2	2
OG0001611	2	2
OG0001612	2	2
OG0001613	2	2
OG0001614	2	2
OG0001615	2	2
OG0001616	2	2
OG0001617	2	2
OG0001618	1	1
OG0001619	2	2
OG0001620	3	3
OG0001621	2	2
OG0001622	2	2
OG0001623	2	2
OG0001624	2	2
OG0001625	2	2
OG0001626	4	4
OG0001627	2	2
OG0001628	2	2
OG0001629	3	3
OG0001630	2	2
OG0001631	2	2
OG0001632	4	4
OG0001633	2	2
OG0001634	2	2
OG0001635	3	3
OG0001636	2	2
OG0001637	3	3
OG0001638	2	2
OG0001639	2	2
OG0001640	2	2
OG0001641	3	3
OG0001642	3	3
OG0001643	3	3
OG0001644	4	4
OG0001645	3	3
OG0001646	4	4
OG0001647	3	3
OG0001648	2	2
OG0001649	4	4
OG0001650	3	3
OG0001651	3	3
OG0001652	3	3
OG0001653	3	3
OG0001654	4	4
OG0001655	3	3
OG0001656	3	3
OG0001657	4	4
OG0001658	4	4
OG0001659	4	4
OG0001660	4	4
OG0001661	4	4
OG0001662	4	4
OG0001663	4	4
OG0001664	4	4
OG0001665	4	4
OG0001666	4	4
OG0001667	4	4
OG0001668	4	4
OG0001669	4	4
OG0001670	4	4
OG0001671	0	0
OG0001672	0	0
OG0001673	1	1
OG0001674	0	0
OG0001675	0	0
OG0001676	3	3
OG0001677	3	3
OG0001678	3	3
OG0001679	0	0
OG0001680	0	0
OG0001681	0	0
OG0001682	3	3
OG0001683	3	3
OG0001684	0	0
OG0001685	0	0
OG0001686	0	0
OG0001687	3	3
OG0001688	0	0
OG0001689	0	0
OG0001690	2	2
OG0001691	0	0
OG0001692	0	0
OG0001693	0	0
OG0001694	0	0
OG0001695	0	0
OG0001696	0	0
OG0001697	2	2
OG0001698	1	1
OG0001699	1	1
OG0001700	0	0
OG0001701	1	1
OG0001702	0	0
OG0001703	0	0
OG0001704	0	0
OG0001705	0	0
OG0001706	1	1
OG0001707	2	2
OG0001708	0	0
OG0001709	1	1
OG0001710	0	0
OG0001711	1	1
OG0001712	0	0
OG0001713	1	1
OG0001714	0	0
OG0001715	0	0
OG0001716	0	0
OG0001717	2	2
OG0001718	0	0
OG0001719	0	0
OG0001720	1	1
OG0001721	1	1
OG0001722	2	2
OG0001723	2	2
OG0001724	0	0
OG0001725	0	0
OG0001726	0	0
OG0001727	0	0
OG0001728	1	1
OG0001729	1	1
OG0001730	0	0
OG0001731	0	0
OG0001732	2	2
OG0001733	2	2
OG0001734	0	0
OG0001735	0	0
OG0001736	0	0
OG0001737	0	0
OG0001738	0	0
OG0001739	1	1
OG0001740	0	0
OG0001741	0	0
OG0001742	2	2
OG0001743	0	0
OG0001744	0	0
OG0001745	0	0
OG0001746	0	0
OG0001747	1	1
OG0001748	1	1
OG0001749	1	1
OG0001750	0	0
OG0001751	1	1
OG0001752	0	0
OG0001753	1	1
OG0001754	0	0
OG0001755	0	0
OG0001756	1	1
OG0001757	0	0
OG0001758	0	0
OG0001759	0	0
OG0001760	0	0
OG0001761	1	1
OG0001762	0	0
OG0001763	0	0
OG0001764	0	0
OG0001765	0	0
OG0001766	0	0
OG0001767	0	0
OG0001768	0	0
OG0001769	0	0
OG0001770	0	0
OG0001771	0	0
OG0001772	2	2
OG0001773	1	1
OG0001774	0	0
OG0001775	0	0
OG0001776	0	0
OG0001777	0	0
OG0001778	0	0
OG0001779	0	0
OG0001780	2	2
OG0001781	0	0
OG0001782	0	0
OG0001783	0	0
OG0001784	0	0
OG0001785	1	1
OG0001786	2	2
OG0001787	0	0
OG0001788	1	1
OG0001789	2	2
OG0001790	0	0
OG0001791	0	0
OG0001792	0	0
OG0001793	0	0
OG0001794	1	1
OG0001795	2	2
OG0001796	0	0
OG0001797	0	0
OG0001798	2	2
OG0001799	0	0
OG0001800	2	2
OG0001801	0	0
OG0001802	0	0
OG0001803	0	0
OG0001804	0	0
OG0001805	0	0
OG0001806	2	2
OG0001807	0	0
OG0001808	2	2
OG0001809	1	1
OG0001810	0	0
OG0001811	2	2
OG0001812	0	0
OG0001813	0	0
OG0001814	1	1
OG0001815	0	0
OG0001816	0	0
OG0001817	2	2
OG0001818	0	0
OG0001819	0	0
OG0001820	0	0
OG0001821	2	2
OG0001822	1	1
OG0001823	2	2
OG0001824	0	0
OG0001825	2	2
OG0001826	0	0
OG0001827	0	0
OG0001828	0	0
OG0001829	0	0
OG0001830	0	0
OG0001831	0	0
OG0001832	1	1
OG0001833	2	2
OG0001834	1	1
OG0001835	0	0
OG0001836	2	2
OG0001837	0	0
OG0001838	2	2
OG0001839	0	0
OG0001840	0	0
OG0001841	0	0
OG0001842	2	2
OG0001843	1	1
OG0001844	1	1
OG0001845	2	2
OG0001846	0	0
OG0001847	0	0
OG0001848	0	0
OG0001849	0	0
OG0001850	0	0
OG0001851	1	1
OG0001852	2	2
OG0001853	2	2
OG0001854	0	0
OG0001855	2	2
OG0001856	2	2
OG0001857	0	0
OG0001858	2	2
OG0001859	2	2
OG0001860	0	0
OG0001861	2	2
OG0001862	0	0
OG0001863	0	0
OG0001864	0	0
OG0001865	0	0
OG0001866	1	1
OG0001867	3	3
OG0001868	2	2
OG0001869	1	1
OG0001870	1	1
OG0001871	0	0
OG0001872	0	0
OG0001873	0	0
OG0001874	1	1
OG0001875	2	2
OG0001876	0	0
OG0001877	0	0
OG0001878	0	0
OG0001879	1	1
OG0001880	0	0
OG0001881	0	0
OG0001882	0	0
OG0001883	0	0
OG0001884	2	2
OG0001885	1	1
OG0001886	0	0
OG0001887	2	2
OG0001888	0	0
OG0001889	0	0
OG0001890	2	2
OG0001891	1	1
OG0001892	2	2
OG0001893	0	0
OG0001894	2	2
OG0001895	0	0
OG0001896	0	0
OG0001897	1	1
OG0001898	2	2
OG0001899	1	1
OG0001900	0	0
OG0001901	0	0
OG0001902	0	0
OG0001903	0	0
OG0001904	0	0
OG0001905	1	1
OG0001906	0	0
OG0001907	0	0
OG0001908	0	0
OG0001909	0	0
OG0001910	2	2
OG0001911	1	1
OG0001912	0	0
OG0001913	0	0
OG0001914	0	0
OG0001915	2	2
OG0001916	0	0
OG0001917	0	0
OG0001918	0	0
OG0001919	0	0
OG0001920	0	0
OG0001921	1	1
OG0001922	0	0
OG0001923	2	2
OG0001924	2	2
OG0001925	0	0
OG0001926	2	2
OG0001927	0	0
OG0001928	0	0
OG0001929	0	0
OG0001930	0	0
OG0001931	1	1
OG0001932	0	0
OG0001933	0	0
OG0001934	0	0
OG0001935	0	0
OG0001936	0	0
OG0001937	2	2
OG0001938	0	0
OG0001939	0	0
OG0001940	1	1
OG0001941	0	0
OG0001942	1	1
OG0001943	1	1
OG0001944	0	0
OG0001945	0	0
OG0001946	0	0
OG0001947	2	2
OG0001948	1	1
OG0001949	2	2
OG0001950	2	2
OG0001951	2	2
OG0001952	0	0
OG0001953	0	0
OG0001954	2	2
OG0001955	0	0
OG0001956	0	0
OG0001957	2	2
OG0001958	2	2
OG0001959	2	2
OG0001960	1	1
OG0001961	1	1
OG0001962	1	1
OG0001963	2	2
OG0001964	1	1
OG0001965	0	0
OG0001966	2	2
OG0001967	0	0
OG0001968	2	2
OG0001969	2	2
OG0001970	2	2
OG0001971	2	2
OG0001972	2	2
OG0001973	2	2
OG0001974	2	2
OG0001975	1	1
OG0001976	0	0
OG0001977	0	0
OG0001978	2	2
OG0001979	1	1
OG0001980	0	0
OG0001981	0	0
OG0001982	0	0
OG0001983	2	2
OG0001984	0	0
OG0001985	0	0
OG0001986	0	0
OG0001987	2	2
OG0001988	0	0
OG0001989	1	1
OG0001990	1	1
OG0001991	0	0
OG0001992	2	2
OG0001993	2	2
OG0001994	2	2
OG0001995	0	0
OG0001996	1	1
OG0001997	0	0
OG0001998	1	1
OG0001999	2	2
OG0002000	0	0
OG0002001	0	0
OG0002002	0	0
OG0002003	0	0
OG0002004	0	0
OG0002005	0	0
OG0002006	0	0
OG0002007	1	1
OG0002008	0	0
OG0002009	1	1
OG0002010	0	0
OG0002011	0	0
OG0002012	0	0
OG0002013	0	0
OG0002014	0	0
OG0002015	0	0
OG0002016	1	1
OG0002017	0	0
OG0002018	0	0
OG0002019	0	0
OG0002020	0	0
OG0002021	0	0
OG0002022	0	0
OG0002023	1	1
OG0002024	0	0
OG0002025	0	0
OG0002026	2	2
OG0002027	0	0
OG0002028	0	0
OG0002029	1	1
OG0002030	1	1
OG0002031	0	0
OG0002032	1	1
OG0002033	1	1
OG0002034	0	0
OG0002035	0	0
OG0002036	2	2
OG0002037	2	2
OG0002038	1	1
OG0002039	0	0
OG0002040	0	0
OG0002041	0	0
OG0002042	0	0
OG0002043	0	0
OG0002044	0	0
OG0002045	1	1
OG0002046	0	0
OG0002047	0	0
OG0002048	0	0
OG0002049	0	0
OG0002050	1	1
OG0002051	0	0
OG0002052	0	0
OG0002053	0	0
OG0002054	0	0
OG0002055	0	0
OG0002056	0	0
OG0002057	0	0
OG0002058	1	1
OG0002059	0	0
OG0002060	0	0
OG0002061	2	2
OG0002062	0	0
OG0002063	2	2
OG0002064	1	1
OG0002065	0	0
OG0002066	0	0
OG0002067	1	1
OG0002068	1	1
OG0002069	2	2
OG0002070	1	1
OG0002071	1	1
OG0002072	0	0
OG0002073	0	0
OG0002074	0	0
OG0002075	0	0
OG0002076	0	0
OG0002077	0	0
OG0002078	0	0
OG0002079	0	0
OG0002080	1	1
OG0002081	0	0
OG0002082	0	0
OG0002083	0	0
OG0002084	2	2
OG0002085	3	3
OG0002086	0	0
OG0002087	1	1
OG0002088	2	2
OG0002089	0	0
OG0002090	0	0
OG0002091	0	0
OG0002092	0	0
OG0002093	0	0
OG0002094	1	1
OG0002095	2	2
OG0002096	0	0
OG0002097	1	1
OG0002098	0	0
OG0002099	0	0
OG0002100	0	0
OG0002101	2	2
OG0002102	0	0
OG0002103	0	0
OG0002104	0	0
OG0002105	1	1
OG0002106	0	0
OG0002107	0	0
OG0002108	0	0
OG0002109	0	0
OG0002110	0	0
OG0002111	1	1
OG0002112	1	1
OG0002113	1	1
OG0002114	2	2
OG0002115	0	0
OG0002116	0	0
OG0002117	0	0
OG0002118	1	1
OG0002119	0	0
OG0002120	0	0
OG0002121	1	1
OG0002122	0	0
OG0002123	2	2
OG0002124	0	0
OG0002125	0	0
OG0002126	1	1
OG0002127	0	0
OG0002128	2	2
OG0002129	1	1
OG0002130	1	1
OG0002131	0	0
OG0002132	0	0
OG0002133	0	0
OG0002134	0	0
OG0002135	0	0
OG0002136	0	0
OG0002137	0	0
OG0002138	0	0
OG0002139	0	0
OG0002140	1	1
OG0002141	0	0
OG0002142	0	0
OG0002143	0	0
OG0002144	0	0
OG0002145	0	0
OG0002146	0	0
OG0002147	0	0
OG0002148	2	2
OG0002149	2	2
OG0002150	1	1
OG0002151	0	0
OG0002152	2	2
OG0002153	0	0
OG0002154	2	2
OG0002155	0	0
OG0002156	1	1
OG0002157	2	2
OG0002158	1	1
OG0002159	1	1
OG0002160	1	1
OG0002161	0	0
OG0002162	0	0
OG0002163	0	0
OG0002164	0	0
OG0002165	1	1
OG0002166	0	0
OG0002167	0	0
OG0002168	1	1
OG0002169	1	1
OG0002170	2	2
OG0002171	1	1
OG0002172	0	0
OG0002173	2	2
OG0002174	3	3
OG0002175	0	0
OG0002176	0	0
OG0002177	2	2
OG0002178	0	0
OG0002179	1	1
OG0002180	2	2
OG0002181	0	0
OG0002182	2	2
OG0002183	2	2
OG0002184	1	1
OG0002185	1	1
OG0002186	0	0
OG0002187	0	0
OG0002188	1	1
OG0002189	2	2
OG0002190	0	0
OG0002191	1	1
OG0002192	2	2
OG0002193	0	0
OG0002194	1	1
OG0002195	2	2
OG0002196	0	0
OG0002197	0	0
OG0002198	2	2
OG0002199	0	0
OG0002200	0	0
OG0002201	2	2
OG0002202	0	0
OG0002203	1	1
OG0002204	0	0
OG0002205	0	0
OG0002206	0	0
OG0002207	0	0
OG0002208	0	0
OG0002209	0	0
OG0002210	0	0
OG0002211	0	0
OG0002212	0	0
OG0002213	0	0
OG0002214	0	0
OG0002215	0	0
OG0002216	1	1
OG0002217	0	0
OG0002218	2	2
OG0002219	1	1
OG0002220	2	2
OG0002221	2	2
OG0002222	0	0
OG0002223	0	0
OG0002224	2	2
OG0002225	1	1
OG0002226	2	2
OG0002227	1	1
OG0002228	0	0
OG0002229	2	2
OG0002230	0	0
OG0002231	0	0
OG0002232	0	0
OG0002233	1	1
OG0002234	0	0
OG0002235	0	0
OG0002236	0	0
OG0002237	2	2
OG0002238	0	0
OG0002239	0	0
OG0002240	0	0
OG0002241	1	1
OG0002242	0	0
OG0002243	0	0
OG0002244	0	0
OG0002245	0	0
OG0002246	1	1
OG0002247	0	0
OG0002248	0	0
OG0002249	2	2
OG0002250	1	1
OG0002251	0	0
OG0002252	0	0
OG0002253	0	0
OG0002254	1	1
OG0002255	2	2
OG0002256	0	0
OG0002257	0	0
OG0002258	0	0
OG0002259	1	1
OG0002260	0	0
OG0002261	0	0
OG0002262	0	0
OG0002263	0	0
OG0002264	0	0
OG0002265	0	0
OG0002266	0	0
OG0002267	0	0
OG0002268	1	1
OG0002269	2	2
OG0002270	0	0
OG0002271	0	0
OG0002272	0	0
OG0002273	0	0
OG0002274	2	2
OG0002275	0	0
OG0002276	0	0
OG0002277	0	0
OG0002278	1	1
OG0002279	1	1
OG0002280	0	0
OG0002281	2	2
OG0002282	0	0
OG0002283	0	0
OG0002284	1	1
OG0002285	0	0
OG0002286	2	2
OG0002287	1	1
OG0002288	1	1
OG0002289	0	0
OG0002290	0	0
OG0002291	2	2
OG0002292	0	0
OG0002293	2	2
OG0002294	1	1
OG0002295	2	2
OG0002296	2	2
OG0002297	2	2
OG0002298	0	0
OG0002299	0	0
OG0002300	0	0
OG0002301	0	0
OG0002302	0	0
OG0002303	1	1
OG0002304	0	0
OG0002305	0	0
OG0002306	0	0
OG0002307	2	2
OG0002308	0	0
OG0002309	0	0
OG0002310	0	0
OG0002311	0	0
OG0002312	0	0
OG0002313	1	1
OG0002314	0	0
OG0002315	1	1
OG0002316	0	0
OG0002317	1	1
OG0002318	1	1
OG0002319	1	1
OG0002320	1	1
OG0002321	0	0
OG0002322	0	0
OG0002323	1	1
OG0002324	1	1
OG0002325	2	2
OG0002326	1	1
OG0002327	0	0
OG0002328	0	0
OG0002329	0	0
OG0002330	0	0
OG0002331	1	1
OG0002332	0	0
OG0002333	1	1
OG0002334	0	0
OG0002335	0	0
OG0002336	0	0
OG0002337	0	0
OG0002338	0	0
OG0002339	0	0
OG0002340	0	0
OG0002341	0	0
OG0002342	1	1
OG0002343	0	0
OG0002344	0	0
OG0002345	0	0
OG0002346	0	0
OG0002347	1	1
OG0002348	0	0
OG0002349	2	2
OG0002350	1	1
OG0002351	0	0
OG0002352	0	0
OG0002353	0	0
OG0002354	0	0
OG0002355	1	1
OG0002356	2	2
OG0002357	1	1
OG0002358	0	0
OG0002359	0	0
OG0002360	0	0
OG0002361	0	0
OG0002362	0	0
OG0002363	1	1
OG0002364	2	2
OG0002365	0	0
OG0002366	1	1
OG0002367	1	1
OG0002368	2	2
OG0002369	0	0
OG0002370	0	0
OG0002371	0	0
OG0002372	0	0
OG0002373	0	0
OG0002374	2	2
OG0002375	1	1
OG0002376	0	0
OG0002377	0	0
OG0002378	2	2
OG0002379	0	0
OG0002380	0	0
OG0002381	0	0
OG0002382	0	0
OG0002383	0	0
OG0002384	0	0
OG0002385	2	2
OG0002386	2	2
OG0002387	0	0
OG0002388	0	0
OG0002389	2	2
OG0002390	0	0
OG0002391	2	2
OG0002392	0	0
OG0002393	1	1
OG0002394	1	1
OG0002395	2	2
OG0002396	0	0
OG0002397	2	2
OG0002398	0	0
OG0002399	1	1
OG0002400	0	0
OG0002401	0	0
OG0002402	0	0
OG0002403	0	0
OG0002404	0	0
OG0002405	1	1
OG0002406	0	0
OG0002407	0	0
OG0002408	2	2
OG0002409	0	0
OG0002410	2	2
OG0002411	0	0
OG0002412	1	1
OG0002413	0	0
OG0002414	0	0
OG0002415	0	0
OG0002416	2	2
OG0002417	0	0
OG0002418	0	0
OG0002419	0	0
OG0002420	0	0
OG0002421	0	0
OG0002422	0	0
OG0002423	1	1
OG0002424	1	1
OG0002425	1	1
OG0002426	0	0
OG0002427	2	2
OG0002428	0	0
OG0002429	0	0
OG0002430	0	0
OG0002431	1	1
OG0002432	0	0
OG0002433	0	0
OG0002434	2	2
OG0002435	0	0
OG0002436	0	0
OG0002437	1	1
OG0002438	1	1
OG0002439	1	1
OG0002440	0	0
OG0002441	0	0
OG0002442	0	0
OG0002443	0	0
OG0002444	2	2
OG0002445	0	0
OG0002446	0	0
OG0002447	1	1
OG0002448	0	0
OG0002449	0	0
OG0002450	0	0
OG0002451	0	0
OG0002452	1	1
OG0002453	0	0
OG0002454	0	0
OG0002455	2	2
OG0002456	2	2
OG0002457	2	2
OG0002458	2	2
OG0002459	1	1
OG0002460	1	1
OG0002461	0	0
OG0002462	0	0
OG0002463	1	1
OG0002464	0	0
OG0002465	0	0
OG0002466	0	0
OG0002467	0	0
OG0002468	2	2
OG0002469	2	2
OG0002470	1	1
OG0002471	0	0
OG0002472	0	0
OG0002473	0	0
OG0002474	0	0
OG0002475	0	0
OG0002476	2	2
OG0002477	2	2
OG0002478	2	2
OG0002479	2	2
OG0002480	0	0
OG0002481	2	2
OG0002482	0	0
OG0002483	2	2
OG0002484	0	0
OG0002485	0	0
OG0002486	1	1
OG0002487	0	0
OG0002488	0	0
OG0002489	2	2
OG0002490	0	0
OG0002491	0	0
OG0002492	0	0
OG0002493	0	0
OG0002494	0	0
OG0002495	0	0
OG0002496	0	0
OG0002497	0	0
OG0002498	2	2
OG0002499	0	0
OG0002500	0	0
OG0002501	1	1
OG0002502	1	1
OG0002503	1	1
OG0002504	0	0
OG0002505	0	0
OG0002506	0	0
OG0002507	2	2
OG0002508	1	1
OG0002509	2	2
OG0002510	0	0
OG0002511	0	0
OG0002512	0	0
OG0002513	0	0
OG0002514	0	0
OG0002515	1	1
OG0002516	1	1
OG0002517	1	1
OG0002518	0	0
OG0002519	0	0
OG0002520	0	0
OG0002521	0	0
OG0002522	3	3
OG0002523	2	2
OG0002524	0	0
OG0002525	0	0
OG0002526	1	1
OG0002527	1	1
OG0002528	0	0
OG0002529	0	0
OG0002530	0	0
OG0002531	0	0
OG0002532	0	0
OG0002533	0	0
OG0002534	0	0
OG0002535	0	0
OG0002536	2	2
OG0002537	0	0
OG0002538	2	2
OG0002539	0	0
OG0002540	0	0
OG0002541	2	2
OG0002542	0	0
OG0002543	0	0
OG0002544	2	2
OG0002545	0	0
OG0002546	1	1
OG0002547	0	0
OG0002548	0	0
OG0002549	0	0
OG0002550	0	0
OG0002551	2	2
OG0002552	2	2
OG0002553	0	0
OG0002554	0	0
OG0002555	0	0
OG0002556	0	0
OG0002557	0	0
OG0002558	0	0
OG0002559	2	2
OG0002560	0	0
OG0002561	0	0
OG0002562	2	2
OG0002563	1	1
OG0002564	0	0
OG0002565	1	1
OG0002566	0	0
OG0002567	0	0
OG0002568	2	2
OG0002569	0	0
OG0002570	0	0
OG0002571	0	0
OG0002572	1	1
OG0002573	1	1
OG0002574	0	0
OG0002575	0	0
OG0002576	0	0
OG0002577	1	1
OG0002578	0	0
OG0002579	0	0
OG0002580	0	0
OG0002581	0	0
OG0002582	0	0
OG0002583	0	0
OG0002584	0	0
OG0002585	0	0
OG0002586	0	0
OG0002587	0	0
OG0002588	0	0
OG0002589	0	0
OG0002590	0	0
OG0002591	0	0
OG0002592	0	0
OG0002593	1	1
OG0002594	0	0
OG0002595	0	0
OG0002596	0	0
OG0002597	0	0
OG0002598	0	0
OG0002599	0	0
OG0002600	0	0
OG0002601	0	0
OG0002602	2	2
OG0002603	0	0
OG0002604	1	1
OG0002605	0	0
OG0002606	0	0
OG0002607	0	0
OG0002608	2	2
OG0002609	0	0
OG0002610	0	0
OG0002611	0	0
OG0002612	2	2
OG0002613	1	1
OG0002614	0	0
OG0002615	2	2
OG0002616	0	0
OG0002617	0	0
OG0002618	0	0
OG0002619	2	2
OG0002620	1	1
OG0002621	0	0
OG0002622	2	2
OG0002623	1	1
OG0002624	2	2
OG0002625	0	0
OG0002626	0	0
OG0002627	0	0
OG0002628	0	0
OG0002629	0	0
OG0002630	0	0
OG0002631	2	2
OG0002632	1	1
OG0002633	1	1
OG0002634	2	2
OG0002635	0	0
OG0002636	1	1
OG0002637	0	0
OG0002638	2	2
OG0002639	0	0
OG0002640	0	0
OG0002641	2	2
OG0002642	0	0
OG0002643	0	0
OG0002644	2	2
OG0002645	2	2
OG0002646	0	0
OG0002647	2	2
OG0002648	1	1
OG0002649	1	1
OG0002650	1	1
OG0002651	2	2
OG0002652	1	1
OG0002653	1	1
OG0002654	1	1
OG0002655	0	0
OG0002656	0	0
OG0002657	1	1
OG0002658	0	0
OG0002659	0	0
OG0002660	0	0
OG0002661	1	1
OG0002662	2	2
OG0002663	0	0
OG0002664	0	0
OG0002665	1	1
OG0002666	0	0
OG0002667	2	2
OG0002668	0	0
OG0002669	0	0
OG0002670	2	2
OG0002671	0	0
OG0002672	1	1
OG0002673	1	1
OG0002674	0	0
OG0002675	1	1
OG0002676	0	0
OG0002677	2	2
OG0002678	0	0
OG0002679	0	0
OG0002680	0	0
OG0002681	0	0
OG0002682	1	1
OG0002683	0	0
OG0002684	0	0
OG0002685	1	1
OG0002686	0	0
OG0002687	0	0
OG0002688	0	0
OG0002689	0	0
OG0002690	0	0
OG0002691	0	0
OG0002692	0	0
OG0002693	0	0
OG0002694	0	0
OG0002695	2	2
OG0002696	2	2
OG0002697	1	1
OG0002698	0	0
OG0002699	0	0
OG0002700	2	2
OG0002701	1	1
OG0002702	1	1
OG0002703	2	2
OG0002704	0	0
OG0002705	2	2
OG0002706	1	1
OG0002707	2	2
OG0002708	0	0
OG0002709	0	0
OG0002710	1	1
OG0002711	0	0
OG0002712	0	0
OG0002713	2	2
OG0002714	1	1
OG0002715	2	2
OG0002716	2	2
OG0002717	1	1
OG0002718	1	1
OG0002719	0	0
OG0002720	1	1
OG0002721	2	2
OG0002722	1	1
OG0002723	0	0
OG0002724	0	0
OG0002725	2	2
OG0002726	0	0
OG0002727	0	0
OG0002728	0	0
OG0002729	0	0
OG0002730	1	1
OG0002731	2	2
OG0002732	0	0
OG0002733	0	0
OG0002734	0	0
OG0002735	1	1
OG0002736	0	0
OG0002737	0	0
OG0002738	0	0
OG0002739	0	0
OG0002740	0	0
OG0002741	0	0
OG0002742	2	2
OG0002743	1	1
OG0002744	2	2
OG0002745	0	0
OG0002746	0	0
OG0002747	0	0
OG0002748	0	0
OG0002749	0	0
OG0002750	2	2
OG0002751	0	0
OG0002752	0	0
OG0002753	0	0
OG0002754	0	0
OG0002755	0	0
OG0002756	2	2
OG0002757	0	0
OG0002758	0	0
OG0002759	0	0
OG0002760	0	0
OG0002761	2	2
OG0002762	1	1
OG0002763	0	0
OG0002764	0	0
OG0002765	0	0
OG0002766	2	2
OG0002767	1	1
OG0002768	0	0
OG0002769	0	0
OG0002770	0	0
OG0002771	1	1
OG0002772	1	1
OG0002773	1	1
OG0002774	0	0
OG0002775	1	1
OG0002776	1	1
OG0002777	0	0
OG0002778	2	2
OG0002779	1	1
OG0002780	1	1
OG0002781	2	2
OG0002782	0	0
OG0002783	0	0
OG0002784	0	0
OG0002785	2	2
OG0002786	0	0
OG0002787	2	2
OG0002788	0	0
OG0002789	0	0
OG0002790	0	0
OG0002791	2	2
OG0002792	0	0
OG0002793	0	0
OG0002794	0	0
OG0002795	0	0
OG0002796	0	0
OG0002797	0	0
OG0002798	0	0
OG0002799	0	0
OG0002800	0	0
OG0002801	0	0
OG0002802	1	1
OG0002803	0	0
OG0002804	0	0
OG0002805	0	0
OG0002806	2	2
OG0002807	0	0
OG0002808	0	0
OG0002809	0	0
OG0002810	0	0
OG0002811	2	2
OG0002812	0	0
OG0002813	2	2
OG0002814	0	0
OG0002815	0	0
OG0002816	1	1
OG0002817	2	2
OG0002818	0	0
OG0002819	0	0
OG0002820	0	0
OG0002821	0	0
OG0002822	1	1
OG0002823	0	0
OG0002824	0	0
OG0002825	0	0
OG0002826	0	0
OG0002827	0	0
OG0002828	0	0
OG0002829	0	0
OG0002830	1	1
OG0002831	0	0
OG0002832	0	0
OG0002833	0	0
OG0002834	1	1
OG0002835	0	0
OG0002836	0	0
OG0002837	0	0
OG0002838	2	2
OG0002839	0	0
OG0002840	0	0
OG0002841	2	2
OG0002842	2	2
OG0002843	0	0
OG0002844	2	2
OG0002845	0	0
OG0002846	0	0
OG0002847	0	0
OG0002848	1	1
OG0002849	1	1
OG0002850	1	1
OG0002851	0	0
OG0002852	0	0
OG0002853	0	0
OG0002854	0	0
OG0002855	2	2
OG0002856	0	0
OG0002857	1	1
OG0002858	2	2
OG0002859	0	0
OG0002860	0	0
OG0002861	1	1
OG0002862	0	0
OG0002863	1	1
OG0002864	1	1
OG0002865	2	2
OG0002866	0	0
OG0002867	1	1
OG0002868	0	0
OG0002869	2	2
OG0002870	0	0
OG0002871	0	0
OG0002872	0	0
OG0002873	0	0
OG0002874	0	0
OG0002875	1	1
OG0002876	0	0
OG0002877	0	0
OG0002878	0	0
OG0002879	1	1
OG0002880	0	0
OG0002881	2	2
OG0002882	0	0
OG0002883	0	0
OG0002884	0	0
OG0002885	0	0
OG0002886	2	2
OG0002887	0	0
OG0002888	0	0
OG0002889	0	0
OG0002890	0	0
OG0002891	0	0
OG0002892	1	1
OG0002893	0	0
OG0002894	0	0
OG0002895	0	0
OG0002896	0	0
OG0002897	0	0
OG0002898	0	0
OG0002899	0	0
OG0002900	1	1
OG0002901	0	0
OG0002902	1	1
OG0002903	2	2
OG0002904	2	2
OG0002905	0	0
OG0002906	0	0
OG0002907	0	0
OG0002908	0	0
OG0002909	0	0
OG0002910	0	0
OG0002911	0	0
OG0002912	0	0
OG0002913	0	0
OG0002914	1	1
OG0002915	0	0
OG0002916	0	0
OG0002917	0	0
OG0002918	0	0
OG0002919	1	1
OG0002920	0	0
OG0002921	0	0
OG0002922	2	2
OG0002923	0	0
OG0002924	0	0
OG0002925	0	0
OG0002926	0	0
OG0002927	2	2
OG0002928	0	0
OG0002929	0	0
OG0002930	1	1
OG0002931	1	1
OG0002932	2	2
OG0002933	0	0
OG0002934	0	0
OG0002935	0	0
OG0002936	0	0
OG0002937	2	2
OG0002938	2	2
OG0002939	0	0
OG0002940	0	0
OG0002941	0	0
OG0002942	0	0
OG0002943	1	1
OG0002944	0	0
OG0002945	0	0
OG0002946	0	0
OG0002947	1	1
OG0002948	0	0
OG0002949	0	0
OG0002950	1	1
OG0002951	0	0
OG0002952	0	0
OG0002953	0	0
OG0002954	0	0
OG0002955	0	0
OG0002956	0	0
OG0002957	0	0
OG0002958	0	0
OG0002959	2	2
OG0002960	0	0
OG0002961	0	0
OG0002962	0	0
OG0002963	0	0
OG0002964	2	2
OG0002965	1	1
OG0002966	2	2
OG0002967	0	0
OG0002968	1	1
OG0002969	2	2
OG0002970	1	1
OG0002971	0	0
OG0002972	1	1
OG0002973	1	1
OG0002974	1	1
OG0002975	0	0
OG0002976	1	1
OG0002977	1	1
OG0002978	0	0
OG0002979	1	1
OG0002980	0	0
OG0002981	0	0
OG0002982	2	2
OG0002983	2	2
OG0002984	1	1
OG0002985	1	1
OG0002986	0	0
OG0002987	2	2
OG0002988	0	0
OG0002989	2	2
OG0002990	0	0
OG0002991	0	0
OG0002992	0	0
OG0002993	1	1
OG0002994	0	0
OG0002995	0	0
OG0002996	0	0
OG0002997	0	0
OG0002998	1	1
OG0002999	1	1
OG0003000	0	0
OG0003001	0	0
OG0003002	1	1
OG0003003	0	0
OG0003004	0	0
OG0003005	0	0
OG0003006	2	2
OG0003007	2	2
OG0003008	2	2
OG0003009	2	2
OG0003010	0	0
OG0003011	0	0
OG0003012	2	2
OG0003013	0	0
OG0003014	0	0
OG0003015	0	0
OG0003016	2	2
OG0003017	1	1
OG0003018	0	0
OG0003019	0	0
OG0003020	0	0
OG0003021	0	0
OG0003022	2	2
OG0003023	0	0
OG0003024	0	0
OG0003025	0	0
OG0003026	0	0
OG0003027	0	0
OG0003028	0	0
OG0003029	2	2
OG0003030	1	1
OG0003031	1	1
OG0003032	2	2
OG0003033	1	1
OG0003034	2	2
OG0003035	0	0
OG0003036	2	2
OG0003037	1	1
OG0003038	0	0
OG0003039	0	0
OG0003040	0	0
OG0003041	0	0
OG0003042	1	1
OG0003043	0	0
OG0003044	0	0
OG0003045	0	0
OG0003046	0	0
OG0003047	1	1
OG0003048	1	1
OG0003049	0	0
OG0003050	0	0
OG0003051	0	0
OG0003052	0	0
OG0003053	0	0
OG0003054	0	0
OG0003055	0	0
OG0003056	2	2
OG0003057	0	0
OG0003058	0	0
OG0003059	2	2
OG0003060	2	2
OG0003061	0	0
OG0003062	0	0
OG0003063	0	0
OG0003064	0	0
OG0003065	1	1
OG0003066	0	0
OG0003067	0	0
OG0003068	1	1
OG0003069	1	1
OG0003070	0	0
OG0003071	0	0
OG0003072	0	0
OG0003073	0	0
OG0003074	0	0
OG0003075	0	0
OG0003076	2	2
OG0003077	2	2
OG0003078	2	2
OG0003079	1	1
OG0003080	0	0
OG0003081	0	0
OG0003082	0	0
OG0003083	1	1
OG0003084	0	0
OG0003085	0	0
OG0003086	2	2
OG0003087	2	2
OG0003088	1	1
OG0003089	0	0
OG0003090	1	1
OG0003091	0	0
OG0003092	0	0
OG0003093	2	2
OG0003094	1	1
OG0003095	0	0
OG0003096	2	2
OG0003097	0	0
OG0003098	0	0
OG0003099	0	0
OG0003100	0	0
OG0003101	1	1
OG0003102	0	0
OG0003103	0	0
OG0003104	0	0
OG0003105	1	1
OG0003106	2	2
OG0003107	2	2
OG0003108	1	1
OG0003109	0	0
OG0003110	0	0
OG0003111	1	1
OG0003112	0	0
OG0003113	2	2
OG0003114	2	2
OG0003115	1	1
OG0003116	1	1
OG0003117	2	2
OG0003118	0	0
OG0003119	2	2
OG0003120	0	0
OG0003121	1	1
OG0003122	2	2
OG0003123	2	2
OG0003124	0	0
OG0003125	0	0
OG0003126	1	1
OG0003127	2	2
OG0003128	1	1
OG0003129	2	2
OG0003130	1	1
OG0003131	0	0
OG0003132	1	1
OG0003133	0	0
OG0003134	0	0
OG0003135	0	0
OG0003136	0	0
OG0003137	0	0
OG0003138	2	2
OG0003139	0	0
OG0003140	1	1
OG0003141	1	1
OG0003142	0	0
OG0003143	2	2
OG0003144	2	2
OG0003145	1	1
OG0003146	0	0
OG0003147	2	2
OG0003148	2	2
OG0003149	0	0
OG0003150	0	0
OG0003151	2	2
OG0003152	1	1
OG0003153	0	0
OG0003154	0	0
OG0003155	0	0
OG0003156	1	1
OG0003157	0	0
OG0003158	2	2
OG0003159	0	0
OG0003160	0	0
OG0003161	0	0
OG0003162	0	0
OG0003163	2	2
OG0003164	2	2
OG0003165	0	0
OG0003166	0	0
OG0003167	1	1
OG0003168	0	0
OG0003169	0	0
OG0003170	0	0
OG0003171	0	0
OG0003172	0	0
OG0003173	0	0
OG0003174	0	0
OG0003175	0	0
OG0003176	1	1
OG0003177	2	2
OG0003178	0	0
OG0003179	0	0
OG0003180	2	2
OG0003181	2	2
OG0003182	2	2
OG0003183	0	0
OG0003184	1	1
OG0003185	0	0
OG0003186	0	0
OG0003187	0	0
OG0003188	2	2
OG0003189	2	2
OG0003190	0	0
OG0003191	0	0
OG0003192	1	1
OG0003193	0	0
OG0003194	1	1
OG0003195	0	0
OG0003196	0	0
OG0003197	2	2
OG0003198	0	0
OG0003199	0	0
OG0003200	0	0
OG0003201	0	0
OG0003202	0	0
OG0003203	0	0
OG0003204	0	0
OG0003205	0	0
OG0003206	0	0
OG0003207	0	0
OG0003208	0	0
OG0003209	0	0
OG0003210	0	0
OG0003211	1	1
OG0003212	0	0
OG0003213	0	0
OG0003214	0	0
OG0003215	0	0
OG0003216	1	1
OG0003217	0	0
OG0003218	0	0
OG0003219	1	1
OG0003220	2	2
OG0003221	0	0
OG0003222	1	1
OG0003223	0	0
OG0003224	0	0
OG0003225	0	0
OG0003226	2	2
OG0003227	0	0
OG0003228	2	2
OG0003229	0	0
OG0003230	1	1
OG0003231	0	0
OG0003232	1	1
OG0003233	0	0
OG0003234	1	1
OG0003235	2	2
OG0003236	1	1
OG0003237	0	0
OG0003238	0	0
OG0003239	1	1
OG0003240	1	1
OG0003241	0	0
OG0003242	1	1
OG0003243	2	2
OG0003244	2	2
OG0003245	2	2
OG0003246	0	0
OG0003247	0	0
OG0003248	0	0
OG0003249	0	0
OG0003250	0	0
OG0003251	0	0
OG0003252	2	2
OG0003253	0	0
OG0003254	1	1
OG0003255	1	1
OG0003256	0	0
OG0003257	2	2
OG0003258	2	2
OG0003259	2	2
OG0003260	2	2
OG0003261	2	2
OG0003262	2	2
OG0003263	3	3
OG0003264	1	1
OG0003265	3	3
OG0003266	2	2
OG0003267	1	1
OG0003268	2	2
OG0003269	0	0
OG0003270	1	1
OG0003271	0	0
OG0003272	2	2
OG0003273	3	3
OG0003274	3	3
OG0003275	3	3
OG0003276	3	3
OG0003277	3	3
OG0003278	1	1
OG0003279	3	3
OG0003280	3	3
OG0003281	3	3
OG0003282	3	3
OG0003283	1	1
OG0003284	3	3
OG0003285	3	3
OG0003286	3	3
OG0003287	2	2
OG0003288	2	2
OG0003289	3	3
OG0003290	2	2
OG0003291	2	2
OG0003292	3	3
OG0003293	3	3
OG0003294	3	3
OG0003295	2	2
OG0003296	1	1
OG0003297	3	3
OG0003298	2	2
OG0003299	2	2
OG0003300	3	3
OG0003301	2	2
OG0003302	3	3
OG0003303	2	2
OG0003304	3	3
OG0003305	2	2
OG0003306	2	2
OG0003307	3	3
OG0003308	2	2
OG0003309	3	3
OG0003310	3	3
OG0003311	2	2
OG0003312	2	2
OG0003313	2	2
OG0003314	1	1
OG0003315	3	3
OG0003316	2	2
OG0003317	0	0
OG0003318	2	2
OG0003319	2	2
OG0003320	2	2
OG0003321	1	1
OG0003322	3	3
OG0003323	3	3
OG0003324	3	3
OG0003325	2	2
OG0003326	3	3
OG0003327	3	3
OG0003328	2	2
OG0003329	3	3
OG0003330	3	3
OG0003331	2	2
OG0003332	3	3
OG0003333	2	2
OG0003334	2	2
OG0003335	2	2
OG0003336	3	3
OG0003337	3	3
OG0003338	3	3
OG0003339	3	3
OG0003340	3	3
OG0003341	3	3
OG0003342	3	3
OG0003343	3	3
OG0003344	3	3
OG0003345	3	3
OG0003346	3	3
OG0003347	3	3
OG0003348	0	0
OG0003349	3	3
OG0003350	3	3
OG0003351	3	3
OG0003352	3	3
OG0003353	3	3
OG0003354	3	3
OG0003355	3	3
OG0003356	3	3
OG0003357	3	3
OG0003358	3	3
OG0003359	3	3
OG0003360	3	3
OG0003361	3	3
OG0003362	3	3
OG0003363	3	3
OG0003364	3	3
OG0003365	3	3
OG0003366	3	3
OG0003367	3	3
OG0003368	3	3
OG0003369	3	3
OG0003370	3	3
OG0003371	3	3
OG0003372	3	3
OG0003373	3	3
OG0003374	3	3
OG0003375	3	3
OG0003376	3	3
OG0003377	3	3
OG0003378	3	3
OG0003379	3	3
OG0003380	3	3
OG0003381	3	3
OG0003382	3	3
OG0003383	3	3
OG0003384	3	3
OG0003385	3	3
OG0003386	3	3
OG0003387	3	3
OG0003388	0	0
OG0003389	3	3
OG0003390	3	3
OG0003391	3	3
OG0003392	3	3
OG0003393	3	3
OG0003394	3	3
OG0003395	3	3
OG0003396	3	3
OG0003397	3	3
OG0003398	3	3
OG0003399	3	3
OG0003400	3	3
OG0003401	3	3
OG0003402	3	3
OG0003403	1	1
OG0003404	1	1
OG0003405	2	2
OG0003406	1	1
OG0003407	1	1
OG0003408	3	3
OG0003409	1	1
OG0003410	3	3
OG0003411	1	1
OG0003412	1	1
OG0003413	1	1
OG0003414	1	1
OG0003415	2	2
OG0003416	1	1
OG0003417	1	1
OG0003418	1	1
OG0003419	1	1
OG0003420	1	1
OG0003421	2	2
OG0003422	1	1
OG0003423	1	1
OG0003424	1	1
OG0003425	2	2
OG0003426	1	1
OG0003427	1	1
OG0003428	1	1
OG0003429	1	1
OG0003430	1	1
OG0003431	1	1
OG0003432	1	1
OG0003433	1	1
OG0003434	3	3
OG0003435	1	1
OG0003436	1	1
OG0003437	1	1
OG0003438	1	1
OG0003439	1	1
OG0003440	1	1
OG0003441	1	1
OG0003442	1	1
OG0003443	1	1
OG0003444	2	2
OG0003445	1	1
OG0003446	1	1
OG0003447	1	1
OG0003448	1	1
OG0003449	1	1
OG0003450	1	1
OG0003451	2	2
OG0003452	1	1
OG0003453	1	1
OG0003454	1	1
OG0003455	1	1
OG0003456	1	1
OG0003457	1	1
OG0003458	1	1
OG0003459	1	1
OG0003460	1	1
OG0003461	3	3
OG0003462	1	1
OG0003463	2	2
OG0003464	1	1
OG0003465	1	1
OG0003466	1	1
OG0003467	1	1
OG0003468	2	2
OG0003469	1	1
OG0003470	3	3
OG0003471	1	1
OG0003472	1	1
OG0003473	1	1
OG0003474	1	1
OG0003475	1	1
OG0003476	2	2
OG0003477	1	1
OG0003478	1	1
OG0003479	1	1
OG0003480	1	1
OG0003481	1	1
OG0003482	3	3
OG0003483	1	1
OG0003484	1	1
OG0003485	3	3
OG0003486	1	1
OG0003487	1	1
OG0003488	1	1
OG0003489	1	1
OG0003490	1	1
OG0003491	1	1
OG0003492	1	1
OG0003493	1	1
OG0003494	1	1
OG0003495	1	1
OG0003496	3	3
OG0003497	2	2
OG0003498	2	2
OG0003499	3	3
OG0003500	1	1
OG0003501	2	2
OG0003502	1	1
OG0003503	1	1
OG0003504	3	3
OG0003505	1	1
OG0003506	1	1
OG0003507	3	3
OG0003508	1	1
OG0003509	1	1
OG0003510	1	1
OG0003511	1	1
OG0003512	1	1
OG0003513	1	1
OG0003514	2	2
OG0003515	1	1
OG0003516	1	1
OG0003517	1	1
OG0003518	1	1
OG0003519	3	3
OG0003520	1	1
OG0003521	2	2
OG0003522	1	1
OG0003523	1	1
OG0003524	1	1
OG0003525	2	2
OG0003526	1	1
OG0003527	1	1
OG0003528	3	3
OG0003529	1	1
OG0003530	1	1
OG0003531	3	3
OG0003532	3	3
OG0003533	2	2
OG0003534	1	1
OG0003535	1	1
OG0003536	2	2
OG0003537	3	3
OG0003538	3	3
OG0003539	1	1
OG0003540	1	1
OG0003541	2	2
OG0003542	1	1
OG0003543	1	1
OG0003544	2	2
OG0003545	1	1
OG0003546	1	1
OG0003547	2	2
OG0003548	1	1
OG0003549	3	3
OG0003550	1	1
OG0003551	2	2
OG0003552	3	3
OG0003553	1	1
OG0003554	1	1
OG0003555	1	1
OG0003556	1	1
OG0003557	3	3
OG0003558	3	3
OG0003559	1	1
OG0003560	1	1
OG0003561	1	1
OG0003562	1	1
OG0003563	1	1
OG0003564	1	1
OG0003565	1	1
OG0003566	1	1
OG0003567	1	1
OG0003568	1	1
OG0003569	2	2
OG0003570	2	2
OG0003571	1	1
OG0003572	1	1
OG0003573	1	1
OG0003574	1	1
OG0003575	3	3
OG0003576	1	1
OG0003577	1	1
OG0003578	3	3
OG0003579	3	3
OG0003580	1	1
OG0003581	1	1
OG0003582	1	1
OG0003583	1	1
OG0003584	3	3
OG0003585	1	1
OG0003586	2	2
OG0003587	1	1
OG0003588	2	2
OG0003589	1	1
OG0003590	1	1
OG0003591	1	1
OG0003592	1	1
OG0003593	1	1
OG0003594	1	1
OG0003595	3	3
OG0003596	1	1
OG0003597	2	2
OG0003598	1	1
OG0003599	1	1
OG0003600	1	1
OG0003601	1	1
OG0003602	1	1
OG0003603	1	1
OG0003604	2	2
OG0003605	1	1
OG0003606	1	1
OG0003607	1	1
OG0003608	1	1
OG0003609	3	3
OG0003610	3	3
OG0003611	1	1
OG0003612	1	1
OG0003613	1	1
OG0003614	1	1
OG0003615	3	3
OG0003616	1	1
OG0003617	1	1
OG0003618	3	3
OG0003619	1	1
OG0003620	1	1
OG0003621	1	1
OG0003622	1	1
OG0003623	2	2
OG0003624	1	1
OG0003625	3	3
OG0003626	1	1
OG0003627	3	3
OG0003628	1	1
OG0003629	1	1
OG0003630	1	1
OG0003631	1	1
OG0003632	1	1
OG0003633	2	2
OG0003634	1	1
OG0003635	1	1
OG0003636	2	2
OG0003637	1	1
OG0003638	1	1
OG0003639	1	1
OG0003640	1	1
OG0003641	2	2
OG0003642	2	2
OG0003643	1	1
OG0003644	1	1
OG0003645	1	1
OG0003646	2	2
OG0003647	1	1
OG0003648	1	1
OG0003649	1	1
OG0003650	2	2
OG0003651	2	2
OG0003652	2	2
OG0003653	2	2
OG0003654	1	1
OG0003655	2	2
OG0003656	1	1
OG0003657	1	1
OG0003658	1	1
OG0003659	1	1
OG0003660	2	2
OG0003661	3	3
OG0003662	1	1
OG0003663	2	2
OG0003664	1	1
OG0003665	2	2
OG0003666	1	1
OG0003667	3	3
OG0003668	1	1
OG0003669	1	1
OG0003670	1	1
OG0003671	2	2
OG0003672	1	1
OG0003673	3	3
OG0003674	2	2
OG0003675	1	1
OG0003676	1	1
OG0003677	1	1
OG0003678	1	1
OG0003679	1	1
OG0003680	1	1
OG0003681	1	1
OG0003682	3	3
OG0003683	2	2
OG0003684	1	1
OG0003685	1	1
OG0003686	3	3
OG0003687	1	1
OG0003688	1	1
OG0003689	1	1
OG0003690	2	2
OG0003691	3	3
OG0003692	1	1
OG0003693	1	1
OG0003694	1	1
OG0003695	2	2
OG0003696	1	1
OG0003697	3	3
OG0003698	1	1
OG0003699	1	1
OG0003700	3	3
OG0003701	1	1
OG0003702	2	2
OG0003703	1	1
OG0003704	3	3
OG0003705	1	1
OG0003706	1	1
OG0003707	3	3
OG0003708	2	2
OG0003709	1	1
OG0003710	1	1
OG0003711	1	1
OG0003712	1	1
OG0003713	1	1
OG0003714	1	1
OG0003715	1	1
OG0003716	1	1
OG0003717	1	1
OG0003718	1	1
OG0003719	1	1
OG0003720	1	1
OG0003721	1	1
OG0003722	1	1
OG0003723	2	2
OG0003724	1	1
OG0003725	1	1
OG0003726	1	1
OG0003727	1	1
OG0003728	1	1
OG0003729	3	3
OG0003730	1	1
OG0003731	1	1
OG0003732	1	1
OG0003733	1	1
OG0003734	2	2
OG0003735	2	2
OG0003736	1	1
OG0003737	2	2
OG0003738	1	1
OG0003739	1	1
OG0003740	1	1
OG0003741	1	1
OG0003742	2	2
OG0003743	3	3
OG0003744	1	1
OG0003745	1	1
OG0003746	2	2
OG0003747	2	2
OG0003748	1	1
OG0003749	3	3
OG0003750	1	1
OG0003751	1	1
OG0003752	1	1
OG0003753	3	3
OG0003754	3	3
OG0003755	1	1
OG0003756	1	1
OG0003757	1	1
OG0003758	3	3
OG0003759	1	1
OG0003760	2	2
OG0003761	1	1
OG0003762	2	2
OG0003763	1	1
OG0003764	1	1
OG0003765	1	1
OG0003766	1	1
OG0003767	1	1
OG0003768	1	1
OG0003769	1	1
OG0003770	1	1
OG0003771	2	2
OG0003772	2	2
OG0003773	1	1
OG0003774	1	1
OG0003775	1	1
OG0003776	1	1
OG0003777	3	3
OG0003778	1	1
OG0003779	1	1
OG0003780	2	2
OG0003781	1	1
OG0003782	1	1
OG0003783	2	2
OG0003784	1	1
OG0003785	1	1
OG0003786	1	1
OG0003787	1	1
OG0003788	1	1
OG0003789	1	1
OG0003790	1	1
OG0003791	2	2
OG0003792	1	1
OG0003793	1	1
OG0003794	1	1
OG0003795	1	1
OG0003796	1	1
OG0003797	2	2
OG0003798	1	1
OG0003799	2	2
OG0003800	2	2
OG0003801	2	2
OG0003802	2	2
OG0003803	2	2
OG0003804	2	2
OG0003805	3	3
OG0003806	2	2
OG0003807	2	2
OG0003808	2	2
OG0003809	2	2
OG0003810	3	3
OG0003811	3	3
OG0003812	2	2
OG0003813	2	2
OG0003814	3	3
OG0003815	2	2
OG0003816	3	3
OG0003817	3	3
OG0003818	3	3
OG0003819	2	2
OG0003820	3	3
OG0003821	2	2
OG0003822	2	2
OG0003823	3	3
OG0003824	2	2
OG0003825	2	2
OG0003826	2	2
OG0003827	3	3
OG0003828	3	3
OG0003829	2	2
OG0003830	3	3
OG0003831	2	2
OG0003832	3	3
OG0003833	2	2
OG0003834	2	2
OG0003835	3	3
OG0003836	3	3
OG0003837	2	2
OG0003838	2	2
OG0003839	2	2
OG0003840	2	2
OG0003841	2	2
OG0003842	2	2
OG0003843	2	2
OG0003844	3	3
OG0003845	2	2
OG0003846	2	2
OG0003847	2	2
OG0003848	2	2
OG0003849	3	3
OG0003850	2	2
OG0003851	3	3
OG0003852	2	2
OG0003853	2	2
OG0003854	3	3
OG0003855	2	2
OG0003856	2	2
OG0003857	2	2
OG0003858	3	3
OG0003859	3	3
OG0003860	2	2
OG0003861	2	2
OG0003862	2	2
OG0003863	2	2
OG0003864	2	2
OG0003865	2	2
OG0003866	2	2
OG0003867	3	3
OG0003868	2	2
OG0003869	3	3
OG0003870	3	3
OG0003871	2	2
OG0003872	2	2
OG0003873	2	2
OG0003874	3	3
OG0003875	3	3
OG0003876	3	3
OG0003877	2	2
OG0003878	3	3
OG0003879	2	2
OG0003880	2	2
OG0003881	2	2
OG0003882	2	2
OG0003883	2	2
OG0003884	3	3
OG0003885	2	2
OG0003886	3	3
OG0003887	2	2
OG0003888	2	2
OG0003889	3	3
OG0003890	3	3
OG0003891	2	2
OG0003892	3	3
OG0003893	2	2
OG0003894	3	3
OG0003895	3	3
OG0003896	3	3
OG0003897	3	3
OG0003898	3	3
OG0003899	3	3
OG0003900	3	3
OG0003901	3	3
OG0003902	3	3
OG0003903	3	3
OG0003904	3	3
OG0003905	3	3
OG0003906	3	3
OG0003907	3	3
OG0003908	3	3
OG0003909	3	3
OG0003910	3	3
OG0003911	3	3
OG0003912	3	3
OG0003913	3	3
OG0003914	3	3
OG0003915	3	3
OG0003916	3	3
OG0003917	3	3
OG0003918	3	3
OG0003919	3	3
OG0003920	3	3
OG0003921	3	3
OG0003922	3	3
OG0003923	3	3
OG0003924	3	3
OG0003925	3	3
OG0003926	3	3
OG0003927	3	3
OG0003928	3	3
OG0003929	3	3
OG0003930	3	3
OG0003931	3	3
OG0003932	3	3
OG0003933	3	3
OG0003934	3	3
OG0003935	3	3
OG0003936	3	3
OG0003937	3	3
OG0003938	3	3
OG0003939	3	3
OG0003940	3	3
OG0003941	3	3
OG0003942	3	3
OG0003943	3	3
OG0003944	3	3
OG0003945	3	3
OG0003946	3	3
OG0003947	3	3
OG0003948	3	3
OG0003949	3	3
